"Language","original","english","czech","german","russian","polish","italian","spanish","french","chinese","japanese","portuguese","chinesesimp"
"vpp_focus_on_game","[Hold/2xTap] Focus On Game","[Hold/2xTap] Focus On Game","[Hold/2xTap] Focus On Game","[Hold/2xTap] Focus On Game","[Hold/2xTap] Focus On Game","[Hold/2xTap] Focus On Game","[Hold/2xTap] Focus On Game","[Hold/2xTap] Focus On Game","[Hold/2xTap] Focus On Game","[Hold/2xTap] Focus On Game","[Hold/2xTap] Focus On Game","[Hold/2xTap] Focus On Game","[Hold/2xTap] Focus On Game"
"vpp_settings_collapseesp","[2xTap] Expand/Collapse ESP Player Details","[2xTap] Expand/Collapse ESP Player Details","[2xTap] Expand/Collapse ESP Player Details","[2xTap] Expand/Collapse ESP Player Details","[2xTap] Expand/Collapse ESP Player Details","[2xTap] Expand/Collapse ESP Player Details","[2xTap] Expand/Collapse ESP Player Details","[2xTap] Expand/Collapse ESP Player Details","[2xTap] Expand/Collapse ESP Player Details","[2xTap] Expand/Collapse ESP Player Details","[2xTap] Expand/Collapse ESP Player Details","[2xTap] Expand/Collapse ESP Player Details","[2xTap] Expand/Collapse ESP Player Details"
"vpp_settings_toggleplayerdetail","[2xTap] Expand/Collapse ESP Player Details","[2xTap] Expand/Collapse ESP Player Details","[2xTap] Expand/Collapse ESP Player Details","[2xTap] Expand/Collapse ESP Player Details","[2xTap] Expand/Collapse ESP Player Details","[2xTap] Expand/Collapse ESP Player Details","[2xTap] Expand/Collapse ESP Player Details","[2xTap] Expand/Collapse ESP Player Details","[2xTap] Expand/Collapse ESP Player Details","[2xTap] Expand/Collapse ESP Player Details","[2xTap] Expand/Collapse ESP Player Details","[2xTap] Expand/Collapse ESP Player Details","[2xTap] Expand/Collapse ESP Player Details"
"vpp_settings_openadmintools","Open Toolbar","Open Toolbar","Open Toolbar","Open Toolbar","Open Toolbar","Open Toolbar","Open Toolbar","Open Toolbar","Open Toolbar","Open Toolbar","Open Toolbar","Open Toolbar","Open Toolbar"
"vpp_settings_toggleadmintools","Toggle Tools, Keybinds & Privileges","Toggle Tools, Keybinds & Privileges","Toggle Tools, Keybinds & Privileges","Toggle Tools, Keybinds & Privileges","Toggle Tools, Keybinds & Privileges","Toggle Tools, Keybinds & Privileges","Toggle Tools, Keybinds & Privileges","Toggle Tools, Keybinds & Privileges","Toggle Tools, Keybinds & Privileges","Toggle Tools, Keybinds & Privileges","Toggle Tools, Keybinds & Privileges","Toggle Tools, Keybinds & Privileges","Toggle Tools, Keybinds & Privileges"
"vpp_settings_teleporttocrosshair","Teleport to Crosshair","Teleport to Crosshair","Teleport to Crosshair","Teleport to Crosshair","Teleport to Crosshair","Teleport to Crosshair","Teleport to Crosshair","Teleport to Crosshair","Teleport to Crosshair","Teleport to Crosshair","Teleport to Crosshair","Teleport to Crosshair","Teleport to Crosshair"
"vpp_settings_deleteobjectatcrosshair","Delete Object at Crosshair","Delete Object at Crosshair","Delete Object at Crosshair","Delete Object at Crosshair","Delete Object at Crosshair","Delete Object at Crosshair","Delete Object at Crosshair","Delete Object at Crosshair","Delete Object at Crosshair","Delete Object at Crosshair","Delete Object at Crosshair","Delete Object at Crosshair","Delete Object at Crosshair"
"vpp_settings_togglegodmode","Toggle GodMode","Toggle GodMode","Toggle GodMode","Toggle GodMode","Toggle GodMode","Toggle GodMode","Toggle GodMode","Toggle GodMode","Toggle GodMode","Toggle GodMode","Toggle GodMode","Toggle GodMode","Toggle GodMode"
"vpp_settings_copyposition","Copy position to clipboard","Copy position to clipboard","Copy position to clipboard","Copy position to clipboard","Copy position to clipboard","Copy position to clipboard","Copy position to clipboard","Copy position to clipboard","Copy position to clipboard","Copy position to clipboard","Copy position to clipboard","Copy position to clipboard","Copy position to clipboard"
"vpp_settings_repairvehicle","Repair Vehicle at Crosshair","Repair Vehicle at Crosshair","Repair Vehicle at Crosshair","Repair Vehicle at Crosshair","Repair Vehicle at Crosshair","Repair Vehicle at Crosshair","Repair Vehicle at Crosshair","Repair Vehicle at Crosshair","Repair Vehicle at Crosshair","Repair Vehicle at Crosshair","Repair Vehicle at Crosshair","Repair Vehicle at Crosshair","Repair Vehicle at Crosshair"
"vpp_settings_togglefreecam","Toggle Free Camera","Toggle Free Camera","Toggle Free Camera","Toggle Free Camera","Toggle Free Camera","Toggle Free Camera","Toggle Free Camera","Toggle Free Camera","Toggle Free Camera","Toggle Free Camera","Toggle Free Camera","Toggle Free Camera","Toggle Free Camera"
"vpp_settings_exitspectate","Exit Spectate Mode","Exit Spectate Mode","Exit Spectate Mode","Exit Spectate Mode","Exit Spectate Mode","Exit Spectate Mode","Exit Spectate Mode","Exit Spectate Mode","Exit Spectate Mode","Exit Spectate Mode","Exit Spectate Mode","Exit Spectate Mode","Exit Spectate Mode"
"vpp_settings_selectobject","Select & move world objects (Object Builder)","Select & move world objects (Object Builder)","Select & move world objects (Object Builder)","Select & move world objects (Object Builder)","Select & move world objects (Object Builder)","Select & move world objects (Object Builder)","Select & move world objects (Object Builder)","Select & move world objects (Object Builder)","Select & move world objects (Object Builder)","Select & move world objects (Object Builder)","Select & move world objects (Object Builder)","Select & move world objects (Object Builder)","Select & move world objects (Object Builder)"
"vpp_settings_deselectobject","[Double Tap] Deselect (Object Builder)","[Double Tap] Deselect (Object Builder)","[Double Tap] Deselect (Object Builder)","[Double Tap] Deselect (Object Builder)","[Double Tap] Deselect (Object Builder)","[Double Tap] Deselect (Object Builder)","[Double Tap] Deselect (Object Builder)","[Double Tap] Deselect (Object Builder)","[Double Tap] Deselect (Object Builder)","[Double Tap] Deselect (Object Builder)","[Double Tap] Deselect (Object Builder)","[Double Tap] Deselect (Object Builder)","[Double Tap] Deselect (Object Builder)"
"vpp_settings_incrementaxis","Increment Axis (Object Builder)","Increment Axis (Object Builder)","Increment Axis (Object Builder)","Increment Axis (Object Builder)","Increment Axis (Object Builder)","Increment Axis (Object Builder)","Increment Axis (Object Builder)","Increment Axis (Object Builder)","Increment Axis (Object Builder)","Increment Axis (Object Builder)","Increment Axis (Object Builder)","Increment Axis (Object Builder)","Increment Axis (Object Builder)"
"vpp_settings_decrementaxis","Decrement Axis (Object Builder)","Decrement Axis (Object Builder)","Decrement Axis (Object Builder)","Decrement Axis (Object Builder)","Decrement Axis (Object Builder)","Decrement Axis (Object Builder)","Decrement Axis (Object Builder)","Decrement Axis (Object Builder)","Decrement Axis (Object Builder)","Decrement Axis (Object Builder)","Decrement Axis (Object Builder)","Decrement Axis (Object Builder)","Decrement Axis (Object Builder)"
"vpp_settings_healtarget","Heal Self or Player on Crosshairs","Heal Self or Player on Crosshairs","Heal Self or Player on Crosshairs","Heal Self or Player on Crosshairs","Heal Self or Player on Crosshairs","Heal Self or Player on Crosshairs","Heal Self or Player on Crosshairs","Heal Self or Player on Crosshairs","Heal Self or Player on Crosshairs","Heal Self or Player on Crosshairs","Heal Self or Player on Crosshairs","Heal Self or Player on Crosshairs","Heal Self or Player on Crosshairs"
"vpp_settings_surprise","Assign Me & Press Me ( ͡° ͜ʖ ͡°)","Assign Me & Press Me ( ͡° ͜ʖ ͡°)","Assign Me & Press Me ( ͡° ͜ʖ ͡°)","Assign Me & Press Me ( ͡° ͜ʖ ͡°)","Assign Me & Press Me ( ͡° ͜ʖ ͡°)","Assign Me & Press Me ( ͡° ͜ʖ ͡°)","Assign Me & Press Me ( ͡° ͜ʖ ͡°)","Assign Me & Press Me ( ͡° ͜ʖ ͡°)","Assign Me & Press Me ( ͡° ͜ʖ ͡°)","Assign Me & Press Me ( ͡° ͜ʖ ͡°)","Assign Me & Press Me ( ͡° ͜ʖ ͡°)","Assign Me & Press Me ( ͡° ͜ʖ ͡°)","Assign Me & Press Me ( ͡° ͜ʖ ͡°)"
"vpp_settings_cmdconsole","Shortcut key to open commands console","Shortcut key to open commands console","Shortcut key to open commands console","Shortcut key to open commands console","Shortcut key to open commands console","Shortcut key to open commands console","Shortcut key to open commands console","Shortcut key to open commands console","Shortcut key to open commands console","Shortcut key to open commands console","Shortcut key to open commands console","Shortcut key to open commands console","Shortcut key to open commands console"
"vpp_settings_skeletons","Toggle Player Skeleton ESP","Toggle Player Skeleton ESP","Toggle Player Skeleton ESP","Toggle Player Skeleton ESP","Toggle Player Skeleton ESP","Toggle Player Skeleton ESP","Toggle Player Skeleton ESP","Toggle Player Skeleton ESP","Toggle Player Skeleton ESP","Toggle Player Skeleton ESP","Toggle Player Skeleton ESP","Toggle Player Skeleton ESP","Toggle Player Skeleton ESP"
"vpp_settings_invisibility","Toggle Invisibility","Toggle Invisibility","Toggle Invisibility","Toggle Invisibility","Toggle Invisibility","Toggle Invisibility","Toggle Invisibility","Toggle Invisibility","Toggle Invisibility","Toggle Invisibility","Toggle Invisibility","Toggle Invisibility","Toggle Invisibility"
"vpp_settings_camforward","Camera move forward","Camera move forward","Camera move forward","Camera move forward","Camera move forward","Camera move forward","Camera move forward","Camera move forward","Camera move forward","Camera move forward","Camera move forward","Camera move forward","Camera move forward"
"vpp_settings_cambackward","Camera move backward","Camera move backward","Camera move backward","Camera move backward","Camera move backward","Camera move backward","Camera move backward","Camera move backward","Camera move backward","Camera move backward","Camera move backward","Camera move backward","Camera move backward"
"vpp_settings_camright","Camera move right","Camera move right","Camera move right","Camera move right","Camera move right","Camera move right","Camera move right","Camera move right","Camera move right","Camera move right","Camera move right","Camera move right","Camera move right"
"vpp_settings_camleft","Camera move left","Camera move left","Camera move left","Camera move left","Camera move left","Camera move left","Camera move left","Camera move left","Camera move left","Camera move left","Camera move left","Camera move left","Camera move left"
"vpp_settings_camup","Camera move up","Camera move up","Camera move up","Camera move up","Camera move up","Camera move up","Camera move up","Camera move up","Camera move up","Camera move up","Camera move up","Camera move up","Camera move up"
"vpp_settings_camdown","Camera move down","Camera move down","Camera move down","Camera move down","Camera move down","Camera move down","Camera move down","Camera move down","Camera move down","Camera move down","Camera move down","Camera move down","Camera move down"
"vpp_settings_camturbo","Camera turbo","Camera turbo","Camera turbo","Camera turbo","Camera turbo","Camera turbo","Camera turbo","Camera turbo","Camera turbo","Camera turbo","Camera turbo","Camera turbo","Camera turbo"
"vpp_settings_rotateleft","Object Rotate (Object Builder)","Object Rotate (Object Builder)","Object Rotate (Object Builder)","Object Rotate (Object Builder)","Object Rotate (Object Builder)","Object Rotate (Object Builder)","Object Rotate (Object Builder)","Object Rotate (Object Builder)","Object Rotate (Object Builder)","Object Rotate (Object Builder)","Object Rotate (Object Builder)","Object Rotate (Object Builder)","Object Rotate (Object Builder)"
"vpp_settings_rotateright","Object Rotate (Object Builder)","Object Rotate (Object Builder)","Object Rotate (Object Builder)","Object Rotate (Object Builder)","Object Rotate (Object Builder)","Object Rotate (Object Builder)","Object Rotate (Object Builder)","Object Rotate (Object Builder)","Object Rotate (Object Builder)","Object Rotate (Object Builder)","Object Rotate (Object Builder)","Object Rotate (Object Builder)","Object Rotate (Object Builder)"
"vpp_settings_camshiftleft","Camera shift left","Camera shift left","Camera shift left","Camera shift left","Camera shift left","Camera shift left","Camera shift left","Camera shift left","Camera shift left","Camera shift left","Camera shift left","Camera shift left","Camera shift left"
"vpp_settings_camshiftright","Camera shift right","Camera shift right","Camera shift right","Camera shift right","Camera shift right","Camera shift right","Camera shift right","Camera shift right","Camera shift right","Camera shift right","Camera shift right","Camera shift right","Camera shift right"
"vpp_settings_camshiftup","Camera shift up","Camera shift up","Camera shift up","Camera shift up","Camera shift up","Camera shift up","Camera shift up","Camera shift up","Camera shift up","Camera shift up","Camera shift up","Camera shift up","Camera shift up"
"vpp_settings_camshiftdown","Camera shift down","Camera shift down","Camera shift down","Camera shift down","Camera shift down","Camera shift down","Camera shift down","Camera shift down","Camera shift down","Camera shift down","Camera shift down","Camera shift down","Camera shift down"
"vpp_settings_camspeedadd","Camera Speed increase","Camera Speed increase","Camera Speed increase","Camera Speed increase","Camera Speed increase","Camera Speed increase","Camera Speed increase","Camera Speed increase","Camera Speed increase","Camera Speed increase","Camera Speed increase","Camera Speed increase","Camera Speed increase"
"vpp_settings_camspeeddeduct","Camera Speed decrease","Camera Speed decrease","Camera Speed decrease","Camera Speed decrease","Camera Speed decrease","Camera Speed decrease","Camera Speed decrease","Camera Speed decrease","Camera Speed decrease","Camera Speed decrease","Camera Speed decrease","Camera Speed decrease","Camera Speed decrease"
"vpp_settings_camfov","[Hold] Camera zoom in/out to change FOV","[Hold] Camera zoom in/out to change FOV","[Hold] Camera zoom in/out to change FOV","[Hold] Camera zoom in/out to change FOV","[Hold] Camera zoom in/out to change FOV","[Hold] Camera zoom in/out to change FOV","[Hold] Camera zoom in/out to change FOV","[Hold] Camera zoom in/out to change FOV","[Hold] Camera zoom in/out to change FOV","[Hold] Camera zoom in/out to change FOV","[Hold] Camera zoom in/out to change FOV","[Hold] Camera zoom in/out to change FOV","[Hold] Camera zoom in/out to change FOV"
"vpp_settings_toggleesp","Toggle ESP","Toggle ESP","Toggle ESP","Toggle ESP","Toggle ESP","Toggle ESP","Toggle ESP","Toggle ESP","Toggle ESP","Toggle ESP","Toggle ESP","Toggle ESP","Toggle ESP"
"vpp_menu_vpp","VPPAdminTools","VPPAdminTools","VPPAdminTools","VPPAdminTools","VPPAdminTools","VPPAdminTools","VPPAdminTools","VPPAdminTools","VPPAdminTools","VPPAdminTools","VPPAdminTools","VPPAdminTools","VPPAdminTools"
"vpp_bind_unfocus","Toggle player/mouse control in menu","Toggle player/mouse control in menu","Toggle player/mouse control in menu","Toggle player/mouse control in menu","Toggle player/mouse control in menu","Toggle player/mouse control in menu","Toggle player/mouse control in menu","Toggle player/mouse control in menu","Toggle player/mouse control in menu","Toggle player/mouse control in menu","Toggle player/mouse control in menu","Toggle player/mouse control in menu","Toggle player/mouse control in menu"
"vpp_settings_togglespectateperspective","Spectate: Toggle 1PP/3PP","Spectate: Toggle 1PP/3PP","Sledování: Přepnout 1PP/3PP","Zuschauen: 1PP/3PP umschalten","Наблюдение: Переключить 1PP/3PP","Obserwacja: Przełącz 1PP/3PP","Spettatore: Alterna 1PP/3PP","Espectador: Alternar 1PP/3PP","Spectateur : Basculer 1PP/3PP","旁觀:切換 1PP/3PP","観戦:1PP/3PP切替","Espectador: Alternar 1PP/3PP","旁观:切换 1PP/3PP"
"vpp_settings_spectatenext","Spectate: Next Player","Spectate: Next Player","Sledování: Další hráč","Zuschauen: Nächster Spieler","Наблюдение: Следующий игрок","Obserwacja: Następny gracz","Spettatore: Giocatore successivo","Espectador: Siguiente jugador","Spectateur : Joueur suivant","旁觀:下一個玩家","観戦:次のプレイヤー","Espectador: Próximo jogador","旁观:下一个玩家"
"vpp_settings_spectateprev","Spectate: Previous Player","Spectate: Previous Player","Sledování: Předchozí hráč","Zuschauen: Vorheriger Spieler","Наблюдение: Предыдущий игрок","Obserwacja: Poprzedni gracz","Spettatore: Giocatore precedente","Espectador: Jugador anterior","Spectateur : Joueur précédent","旁觀:上一個玩家","観戦:前のプレイヤー","Espectador: Jogador anterior","旁观:上一个玩家"
"vpp_settings_contextmenu","Context Menu (hold on target)","Context Menu (hold on target)","Kontextová nabídka (držet na cíli)","Kontextmenü (auf Ziel halten)","Контекстное меню (удерживать на цели)","Menu kontekstowe (przytrzymaj na celu)","Menu contestuale (tieni sul bersaglio)","Menú contextual (mantener en objetivo)","Menu contextuel (maintenir sur la cible)","右鍵選單(對準目標按住)","コンテキストメニュー(対象上で長押し)","Menu de contexto (segurar no alvo)","右键菜单(对准目标按住)"
"vpp_settings_contextselect","Context Menu: Select","Context Menu: Select","Kontextová nabídka: Vybrat","Kontextmenü: Auswählen","Контекстное меню: Выбрать","Menu kontekstowe: Wybierz","Menu contestuale: Seleziona","Menú contextual: Seleccionar","Menu contextuel : Sélectionner","右鍵選單:選擇","コンテキストメニュー:選択","Menu de contexto: Selecionar","右键菜单:选择"
"vpp_settings_contextmenutoggle","Context Menu: Enable/Disable","Context Menu: Enable/Disable","Kontextová nabídka: Zapnout/Vypnout","Kontextmenü: Ein/Aus","Контекстное меню: Вкл/Выкл","Menu kontekstowe: Włącz/Wyłącz","Menu contestuale: Attiva/Disattiva","Menú contextual: Activar/Desactivar","Menu contextuel : Activer/Désactiver","右鍵選單:啟用/停用","コンテキストメニュー:有効/無効","Menu de contexto: Ativar/Desativar","右键菜单:启用/停用"
